/news/kakoy_nozh_yavlyaetsya_kholodnym_oruzhiem_osnovnye_priznaki/;/blog/statyy/kakoy_nozh_yavlyaetsya_kholodnym_oruzhiem_osnovnye_priznaki/
/news/obzor_kollimatorov_holosun_serii_elite/;/blog/statyy/obzor_kollimatorov_holosun_serii_elite/
/news/novaya_seriya_pritselov_leupold_vx_freedom/;/blog/statyy/novaya_seriya_pritselov_leupold_vx_freedom/
/news/binokli_vanguard_v_avangarde/;/blog/statyy/binokli_vanguard_v_avangarde/
/news/obzor_atn_x_sight_ltv/;/blog/statyy/obzor_atn_x_sight_ltv/
/news/kak_vybrat_binokl/;/blog/statyy/kak_vybrat_binokl/
/news/kak_vybrat_travmaticheskiy_pistolet/;/blog/statyy/kak_vybrat_travmaticheskiy_pistolet/
/news/istoriya_brenda_opinel/;/blog/statyy/istoriya_brenda_opinel/
/news/tsifrovoy_pritsel_atn_x_sight_4k_pro/;/blog/statyy/tsifrovoy_pritsel_atn_x_sight_4k_pro/
/news/teplovizory_uvidet_skrytuyu_prirodu_veshchey/;/blog/statyy/teplovizory_uvidet_skrytuyu_prirodu_veshchey/
/news/detalno_pro_atn_mars_lt/;/blog/statyy/detalno_pro_atn_mars_lt/
/news/chto_vzyat_s_soboy_na_okhotu/;/blog/statyy/chto_vzyat_s_soboy_na_okhotu/
/news/vyzhivanie_paranoya_ili_hobbi/;/blog/statyy/vyzhivanie_paranoya_ili_hobbi/
/news/otdacha_stvola_gazootvod_ili_inertsionnaya_pruzhina_chto_vybrat/;/blog/rubrika_mikhaila_dragunova/otdacha_stvola_gazootvod_ili_inertsionnaya_pruzhina_chto_vybrat/
/news/pravila_okhoty/;/blog/statyy/pravila_okhoty/
/news/utinaya_okhota_dlya_chaynikov/;/blog/statyy/utinaya_okhota_dlya_chaynikov/
/news/obzor_aimpoint_compm3/;/blog/statyy/obzor_aimpoint_compm3/
/news/kratnost_pritsela_kogda_bolshe_ne_znachit_luchshe/;/blog/statyy/kratnost_pritsela_kogda_bolshe_ne_znachit_luchshe/
/news/kak_okhotitsya_s_chuchelami/;/blog/statyy/kak_okhotitsya_s_chuchelami/
/news/luchshie_opory_dlya_okhoty/;/blog/statyy/luchshie_opory_dlya_okhoty/
/news/postuplenie_sag_/;/blog/news/postuplenie_sag_/
/news/vneshballistika_chast_1/;/blog/rubrika_mikhaila_dragunova/vneshballistika_chast_1/
/news/vyzhivanie_komplektatsiya_ryukzaka_chast_3/;/blog/statyy/vyzhivanie_komplektatsiya_ryukzaka_chast_3/
/news/vyzhivanie_komplektatsiya_ryukzaka_chast_2/;/blog/statyy/vyzhivanie_komplektatsiya_ryukzaka_chast_2/
/news/kak_ustanovit_kollimator_na_ak/;/blog/statyy/kak_ustanovit_kollimator_na_ak/
/news/obzor_binokl_nikon_prostaff_7_10x42_/;/blog/statyy/obzor_binokl_nikon_prostaff_7_10x42_/
/news/strelkovye_ochki_dlya_sportsmenov_i_okhotnikov/;/blog/statyy/strelkovye_ochki_dlya_sportsmenov_i_okhotnikov/
/news/kak_pravilno_vybrat_takticheskiy_ryukzak/;/blog/statyy/kak_pravilno_vybrat_takticheskiy_ryukzak/
/news/holosun_kachestvennyy_video_obzor_kollimatornykh_pritselov_ot_nashikh_druzey_kompanii_baza_tactical_/;/blog/statyy/holosun_kachestvennyy_video_obzor_kollimatornykh_pritselov_ot_nashikh_druzey_kompanii_baza_tactical_/
/news/testiruem_soshki_dlya_ar_15_ili_ak/;/blog/statyy/testiruem_soshki_dlya_ar_15_ili_ak/
/news/obzor_takticheskogo_fonarya_nextorch_ta40/;/blog/statyy/obzor_takticheskogo_fonarya_nextorch_ta40/
/news/krasnyy_zheltyy_zelenyy/;/blog/statyy/krasnyy_zheltyy_zelenyy/
/news/chto_vzyat_s_soboy_v_les_gribniku_okhotniku_rybaku/;/blog/statyy/chto_vzyat_s_soboy_v_les_gribniku_okhotniku_rybaku/
/news/opticheskiy_pritsel_utg_3_9x32_1_bug_buster/;/blog/statyy/opticheskiy_pritsel_utg_3_9x32_1_bug_buster/
/news/pritsely_nochnogo_videniya_obnovlyennye_sytong_ht_60/;/blog/statyy/pritsely_nochnogo_videniya_obnovlyennye_sytong_ht_60/
/news/itogi_2023_goda_vybor_pokupateley/;/blog/statyy/itogi_2023_goda_vybor_pokupateley/
/news/kollimator_sightmark_ultra_shot_pro_spec_sight_nv_qd/;/blog/statyy/kollimator_sightmark_ultra_shot_pro_spec_sight_nv_qd/
/news/den_rozhdeniya_quarta_oruzheynyy_kvartal/;/blog/news/den_rozhdeniya_quarta_oruzheynyy_kvartal/
/news/obzor_ekshen_kamery_dlya_okhoty_atn_shot_trak_kh_hd/;/blog/statyy/obzor_ekshen_kamery_dlya_okhoty_atn_shot_trak_kh_hd/
/news/soshki_utg/;/blog/statyy/soshki_utg/
/news/novinki_cataloga_quarta/tuning-vektor-762-quarta/;/blog/novinki_cataloga_quarta/tuning-vektor-762-quarta/
/news/chto_podarit_okhotniku_u_kotorogo_vse_est/;/blog/statyy/chto_podarit_okhotniku_u_kotorogo_vse_est/
/news/obzor_pritselov_nikko_stirling_serii_diamond_ffp/;/blog/statyy/obzor_pritselov_nikko_stirling_serii_diamond_ffp/
/news/pistoletnye_kollimatory_holosun_serii_eps/;/blog/statyy/pistoletnye_kollimatory_holosun_serii_eps/
/news/teplovizory_guide_obnovlenie_modelnogo_ryada_2023/;/blog/statyy/teplovizory_guide_obnovlenie_modelnogo_ryada_2023/
/news/poluchite_100_skidku_na_vsyu_produktsiyu_kalashnikov/;/blog/news/poluchite_100_skidku_na_vsyu_produktsiyu_kalashnikov/
/news/opticheskie_pritsely_vortex/;/blog/statyy/opticheskie_pritsely_vortex/
/news/okhotminimum_okhotnichiy_minimum/;/blog/statyy/okhotminimum_okhotnichiy_minimum/
/news/kollektsiya_izmeneniy_oruzheynogo_zakonodatelstva_vesna_leto_2023/;/blog/statyy/kollektsiya_izmeneniy_oruzheynogo_zakonodatelstva_vesna_leto_2023/
/news/novinki_cataloga_quarta/teplovizionnye_pritsely_guide_quarta/;/blog/novinki_cataloga_quarta/teplovizionnye_pritsely_guide_quarta/
/news/kak_pravilno_podobrat_strelkovye_ochki/;/blog/statyy/kak_pravilno_podobrat_strelkovye_ochki/
/news/kak_podgotovit_vintovku_k_sezonu_okhoty/;/blog/statyy/kak_podgotovit_vintovku_k_sezonu_okhoty/
/news/pryamokhody/;/blog/rubrika_mikhaila_dragunova/pryamokhody/
/news/tri_sposoba_zashchitit_linzy_vashego_pritsela/;/blog/statyy/tri_sposoba_zashchitit_linzy_vashego_pritsela/
/news/osobennosti_vneshney_ballistiki_drobovogo_vystrela/;/blog/rubrika_mikhaila_dragunova/osobennosti_vneshney_ballistiki_drobovogo_vystrela/
/news/drobovoy_vystrel_chto_opredelyaet_ego_kharakteristiki/;/blog/rubrika_mikhaila_dragunova/drobovoy_vystrel_chto_opredelyaet_ego_kharakteristiki/
/news/ukhod_za_oruzhiem/;/blog/statyy/ukhod_za_oruzhiem/
/news/ne_otryvaytes_ot_pritsela_esli_khotite_strelyat_luchshe/;/blog/statyy/ne_otryvaytes_ot_pritsela_esli_khotite_strelyat_luchshe/
/news/obzor_termosov_theropod_dlya_goroda/;/blog/statyy/obzor_termosov_theropod_dlya_goroda/
/news/eksklyuzivnye_karabiny_ar15_ot_amerikanskoy_kompanii_lantac_usa_llc_v_sankt_peterburge/;/blog/news/eksklyuzivnye_karabiny_ar15_ot_amerikanskoy_kompanii_lantac_usa_llc_v_sankt_peterburge/
/news/s_shatunom_i_krivoshipom/;/blog/rubrika_mikhaila_dragunova/s_shatunom_i_krivoshipom/
/news/polozheniya_dlya_strelby_ves_smysl_v_raznoobrazii/;/blog/statyy/polozheniya_dlya_strelby_ves_smysl_v_raznoobrazii/
/news/dostupnyy_teplovizionnyy_monokulyar/;/blog/statyy/dostupnyy_teplovizionnyy_monokulyar/
/news/snaryazhenie_dlya_strelka_chto_brat_kuda_potom_slozhit/;/blog/statyy/snaryazhenie_dlya_strelka_chto_brat_kuda_potom_slozhit/
/news/kak_poluchit_razreshenie_na_oruzhie/;/blog/statyy/kak_poluchit_razreshenie_na_oruzhie/
/news/teplovizor_dlya_okhoty/;/blog/statyy/teplovizor_dlya_okhoty/
/news/kak_okhotitsya_na_dikogo_golubya/;/blog/statyy/kak_okhotitsya_na_dikogo_golubya/
/news/kakoy_termos_vybrat_okhotniku_turistu_puteshestvenniku/;/blog/statyy/kakoy_termos_vybrat_okhotniku_turistu_puteshestvenniku/
/news/kak_pristrelyat_kollimatornyy_pritsel/;/blog/statyy/kak_pristrelyat_kollimatornyy_pritsel/
/news/novye_serii_pritselov_nikon_prostaff/;/blog/statyy/novye_serii_pritselov_nikon_prostaff/
/news/serdtse_oruzhiya_chast_1/;/blog/rubrika_mikhaila_dragunova/serdtse_oruzhiya_chast_1/
/news/serdtse_oruzhiya_chast_2/;/blog/rubrika_mikhaila_dragunova/serdtse_oruzhiya_chast_2/
/news/vybor_strelkovoy_sumki_i_eye_napolnenie/;/blog/statyy/vybor_strelkovoy_sumki_i_eye_napolnenie/
/news/vystavka_oruzhiya_i_tovarov_dlya_okhoty_oryelexpo_2023/;/blog/news/vystavka_oruzhiya_i_tovarov_dlya_okhoty_oryelexpo_2023/
/news/vektor_na_puti_traditsiy_v_nogu_so_vremenem/;/blog/statyy/vektor_na_puti_traditsiy_v_nogu_so_vremenem/
/news/obzor_opticheskikh_pritselov_leupold_serii_vx_5hd/;/blog/statyy/obzor_opticheskikh_pritselov_leupold_serii_vx_5hd/
/news/pritsely_i_binokli_nikon_seriy_prostaff_i_monarch_v_chem_otlichie/;/blog/statyy/pritsely_i_binokli_nikon_seriy_prostaff_i_monarch_v_chem_otlichie/
/news/raznoe/predstavlyaem_shirokiy_assortiment_produktsii_wartech/;/blog/raznoe/predstavlyaem_shirokiy_assortiment_produktsii_wartech/
/news/obzor_proizvoditel_vanguard/;/blog/statyy/obzor_proizvoditel_vanguard/
/news/binokli_steiner_skyhawk_4_0/;/blog/statyy/binokli_steiner_skyhawk_4_0/
/news/kak_pravilno_skradyvat_dich/;/blog/statyy/kak_pravilno_skradyvat_dich/
/news/pnevmaticheskiy_pistolet_stalker_s1911t/;/blog/statyy/pnevmaticheskiy_pistolet_stalker_s1911t/
/news/kak_pravilno_zatochit_nozh/;/blog/statyy/kak_pravilno_zatochit_nozh/
/news/opory_dlya_oruzhiya/;/blog/statyy/opory_dlya_oruzhiya/
/news/rasstavim_tochki_nad_i_ili_kak_pravilno_vybrat_kollimatornyy_pritsel/;/blog/statyy/rasstavim_tochki_nad_i_ili_kak_pravilno_vybrat_kollimatornyy_pritsel/
/news/vybiraem_pravilnyy_kalibr_ruzhya/;/blog/statyy/vybiraem_pravilnyy_kalibr_ruzhya/
/news/kollimatory_holosun_scrs_s_vechnym_dvigatelem/;/blog/statyy/kollimatory_holosun_scrs_s_vechnym_dvigatelem/
/news/nextorch_svet_dlya_professionalov/;/blog/statyy/nextorch_svet_dlya_professionalov/
/news/vybor_zritelnoy_truby/;/blog/statyy/vybor_zritelnoy_truby/
/news/predstavlyaem_shirokiy_assortiment_produktsii_wartech/;/blog/news/predstavlyaem_shirokiy_assortiment_produktsii_wartech/
/news/vystavka_oruzhiya_i_tovarov_dlya_okhoty_oryelexpo_2022/;/blog/news/vystavka_oruzhiya_i_tovarov_dlya_okhoty_oryelexpo_2022/
/news/kuchnost_i_tochnost_strelby/;/blog/rubrika_mikhaila_dragunova/kuchnost_i_tochnost_strelby/
/news/raznoe/postuplenie_sag_/;/blog/raznoe/postuplenie_sag_/
/news/bushnell_trophy_binokli_ne_tolko_dlya_okhotnikov_za_trofeyami/;/blog/statyy/bushnell_trophy_binokli_ne_tolko_dlya_okhotnikov_za_trofeyami/
/news/federalnyy_zakon_ob_oruzhii/;/blog/statyy/federalnyy_zakon_ob_oruzhii/
/news/vneshballistika_chast_2/;/blog/rubrika_mikhaila_dragunova/vneshballistika_chast_2/
/news/vneshballistika_chast_3/;/blog/rubrika_mikhaila_dragunova/vneshballistika_chast_3/
/news/sokhranyayte_spokoystvie_i_ispolzuyte_vash_edc/;/blog/statyy/sokhranyayte_spokoystvie_i_ispolzuyte_vash_edc/
/news/obzor_kollimatornogo_pritsela_holosun_hs503c/;/blog/statyy/obzor_kollimatornogo_pritsela_holosun_hs503c/
/news/optika_gaut/;/blog/statyy/optika_gaut/
/news/kak_zashchitit_slukh/;/blog/statyy/kak_zashchitit_slukh/
/news/aems_chem_unikalen_novyy_kollimatornyy_pritsel_holosun/;/blog/statyy/aems_chem_unikalen_novyy_kollimatornyy_pritsel_holosun/
/news/zimnyaya_okhota_na_zaytsa_s_russkimi_gonchimi/;/blog/statyy/zimnyaya_okhota_na_zaytsa_s_russkimi_gonchimi/
/news/pervoe_ruzhye_novaya_realnost/;/blog/statyy/pervoe_ruzhye_novaya_realnost/
/news/ustanovka_pritsela_na_pruzhinno_porshnevuyu_pnevmatiku/;/blog/statyy/ustanovka_pritsela_na_pruzhinno_porshnevuyu_pnevmatiku/
/news/ne_rabotaet_kollimator_chto_delat/;/blog/statyy/ne_rabotaet_kollimator_chto_delat/
/news/sporting_chast_2/;/blog/statyy/sporting_chast_2/
/news/redring_ne_vypuskaet_tsel_iz_kruga/;/blog/statyy/redring_ne_vypuskaet_tsel_iz_kruga/
/news/okhota_na_vodoplavayushchikh_strelyaem_na_raz_dva_tri_/;/blog/statyy/okhota_na_vodoplavayushchikh_strelyaem_na_raz_dva_tri_/
/news/kollimatornye_pritsely_utg_luchshe_prochikh/;/blog/statyy/kollimatornye_pritsely_utg_luchshe_prochikh/
/news/privada_okhota_na_volkov/;/blog/statyy/privada_okhota_na_volkov/
/news/vyzhivanie-komlectaciya-rukzaka-chast-1/;/blog/statyy/vyzhivanie-komlectaciya-rukzaka-chast-1/
/news/istoriya_kompanii_aimpoint_i_obzor_ee_produktsii/;/blog/statyy/istoriya_kompanii_aimpoint_i_obzor_ee_produktsii/
/news/smart_pritsely_mars_lt_teplovizionnaya_lakonichnost/;/blog/statyy/smart_pritsely_mars_lt_teplovizionnaya_lakonichnost/
/news/opory_primos_trigger_stick_gen/;/blog/statyy/opory_primos_trigger_stick_gen/
/news/5_rasprostranennykh_mifov_pro_opticheskie_pritsely/;/blog/statyy/5_rasprostranennykh_mifov_pro_opticheskie_pritsely/
/news/shompola_dewey/;/blog/statyy/shompola_dewey/
/news/federalnyy_zakon_ob_okhote_i_o_sokhranenii_okhotnichikh_resursov/;/blog/statyy/federalnyy_zakon_ob_okhote_i_o_sokhranenii_okhotnichikh_resursov/
/news/sporting_chast_1/;/blog/statyy/sporting_chast_1/
/news/seriya_pritselov_panamax_ot_nikko_stirling/;/blog/statyy/seriya_pritselov_panamax_ot_nikko_stirling/
/news/4_voprosa_kotorye_nikogda_ne_nado_zadavat_ustroitelyam_okhot/;/blog/statyy/4_voprosa_kotorye_nikogda_ne_nado_zadavat_ustroitelyam_okhot/
/news/vyberi_dostoynogo_monarkha/;/blog/statyy/vyberi_dostoynogo_monarkha/
/news/teplovizionnye_pritsely_atn_mars_lt/;/blog/statyy/teplovizionnye_pritsely_atn_mars_lt/
/news/obzor_teplovizorov_atn_mars_hd/;/blog/statyy/obzor_teplovizorov_atn_mars_hd/
/news/sravnivaem_nikon_prostaff_3s_i_prostaff_7s/;/blog/statyy/sravnivaem_nikon_prostaff_3s_i_prostaff_7s/
/news/okhotminimum/;/blog/statyy/okhotminimum/
/news/pritsely_tipa_scout/;/blog/statyy/pritsely_tipa_scout/
/news/neobkhodimoe_snaryazhenie_dlya_puteshestvuyushchego_okhotnika/;/blog/statyy/neobkhodimoe_snaryazhenie_dlya_puteshestvuyushchego_okhotnika/
/news/uvidet_chtoby_popast/;/blog/statyy/uvidet_chtoby_popast/
/catalog/snaryazhenie_i_odezhda/termosy_i_termosumki/;/catalog/termosy_i_termosumki/
/catalog/snaryazhenie_i_odezhda/termosy_i_termosumki/khladoelementy/;/catalog/termosy_i_termosumki/khladoelementy/
/catalog/snaryazhenie_i_odezhda/termosy_i_termosumki/termosumki/;/catalog/termosy_i_termosumki/termosumki/
/catalog/snaryazhenie_i_odezhda/termosy_i_termosumki/termosy/;/catalog/termosy_i_termosumki/termosy/
/catalog/snaryazhenie_i_odezhda/takticheskoe_snaryazhenie/;/catalog/takticheskoe_snaryazhenie/
/catalog/snaryazhenie_i_odezhda/gorny_i_rozhki/;/catalog/okhotniche_snaryazhenie/gorny_i_rozhki/
/catalog/snaryazhenie_i_odezhda/chuchela/;/catalog/okhotniche_snaryazhenie/chuchela/
/catalog/snaryazhenie_i_odezhda/zasidki_i_labazy/;/catalog/okhotniche_snaryazhenie/zasidki_i_labazy/
/catalog/snaryazhenie_i_odezhda/zvukovye_imitatory/;/catalog/okhotniche_snaryazhenie/zvukovye_imitatory/
/catalog/snaryazhenie_i_odezhda/tovary_dlya_sobak/;/catalog/okhotniche_snaryazhenie/tovary_dlya_sobak/
/catalog/snaryazhenie_i_odezhda/manki_primanki_neytralizatory/;/catalog/okhotniche_snaryazhenie/manki_primanki_neytralizatory/
/catalog/snaryazhenie_i_odezhda/kamuflyazhnaya_lenta/;/catalog/okhotniche_snaryazhenie/kamuflyazhnaya_lenta/
/catalog/snaryazhenie_i_odezhda/reloading/;/catalog/reloading/
/catalog/snaryazhenie_i_odezhda/sportivnaya_strelba/;/catalog/sportivnaya_strelba/
/catalog/snaryazhenie_i_odezhda/misheni/;/catalog/misheni/
/catalog/snaryazhenie_i_odezhda/darts/;/catalog/darts/
/catalog/snaryazhenie_i_odezhda/vysokotochnaya_strelba/;/catalog/vysokotochnaya_strelba/
/catalog/oruzhie_i_patrony/pervoe_ruzhye/;/catalog/oruzhie_i_patrony/gladkostvolnoe_oruzhie/pervoe_ruzhye/
/catalog/oruzhie_i_patrony/nareznoe_oruzhie/;/catalog/oruzhie_i_patrony/oruzhie/nareznoe_oruzhie/
/catalog/oruzhie_i_patrony/nareznoe_oruzhie/vysokotochnoe/;/catalog/oruzhie_i_patrony/oruzhie/nareznoe_oruzhie/vysokotochnoe/
/catalog/oruzhie_i_patrony/nareznoe_oruzhie/kombinirovannoe/;/catalog/oruzhie_i_patrony/oruzhie/nareznoe_oruzhie/kombinirovannoe/
/catalog/oruzhie_i_patrony/nareznoe_oruzhie/malokalibernoe/;/catalog/oruzhie_i_patrony/oruzhie/nareznoe_oruzhie/malokalibernoe/
/catalog/oruzhie_i_patrony/nareznoe_oruzhie/so_skoboy_genri/;/catalog/oruzhie_i_patrony/oruzhie/nareznoe_oruzhie/so_skoboy_genri/
/catalog/oruzhie_i_patrony/nareznoe_oruzhie/shtutsery_i_drillingi/;/catalog/oruzhie_i_patrony/oruzhie/nareznoe_oruzhie/shtutsery_i_drillingi/
/catalog/oruzhie_i_patrony/nareznoe_oruzhie/poluavtomaticheskoe_1/;/catalog/oruzhie_i_patrony/oruzhie/nareznoe_oruzhie/poluavtomaticheskoe/
/catalog/oruzhie_i_patrony/nareznoe_oruzhie/s_prodolno_skolzyashchim_zatvorom_1/;/catalog/oruzhie_i_patrony/oruzhie/nareznoe_oruzhie/s_prodolno_skolzyashchim_zatvorom/
/catalog/oruzhie_i_patrony/nareznoe_oruzhie/taktika_i_sport_1/;/catalog/oruzhie_i_patrony/oruzhie/nareznoe_oruzhie/taktika_i_sport/
/catalog/oruzhie_i_patrony/ooop/;/catalog/oruzhie_i_patrony/oruzhie/ooop/
/catalog/oruzhie_i_patrony/gladkostvolnoe_oruzhie/;/catalog/oruzhie_i_patrony/oruzhie/gladkostvolnoe_oruzhie/
/catalog/oruzhie_i_patrony/gladkostvolnoe_oruzhie/pervoe_ruzhye/;/catalog/oruzhie_i_patrony/oruzhie/gladkostvolnoe_oruzhie/pervoe_ruzhye/
/catalog/oruzhie_i_patrony/gladkostvolnoe_oruzhie/dvustvolnoe_vertikalnoe/;/catalog/oruzhie_i_patrony/oruzhie/gladkostvolnoe_oruzhie/dvustvolnoe_vertikalnoe/
/catalog/oruzhie_i_patrony/gladkostvolnoe_oruzhie/dvustvolnoe_gorizontalnoe/;/catalog/oruzhie_i_patrony/oruzhie/gladkostvolnoe_oruzhie/dvustvolnoe_gorizontalnoe/
/catalog/oruzhie_i_patrony/gladkostvolnoe_oruzhie/dopolnitelnye_stvoly/;/catalog/oruzhie_i_patrony/oruzhie/gladkostvolnoe_oruzhie/dopolnitelnye_stvoly/
/catalog/oruzhie_i_patrony/gladkostvolnoe_oruzhie/odnostvolnoe_odnozaryadnoe/;/catalog/oruzhie_i_patrony/oruzhie/gladkostvolnoe_oruzhie/odnostvolnoe_odnozaryadnoe/
/catalog/oruzhie_i_patrony/gladkostvolnoe_oruzhie/poluavtomaticheskoe/;/catalog/oruzhie_i_patrony/oruzhie/gladkostvolnoe_oruzhie/poluavtomaticheskoe/
/catalog/oruzhie_i_patrony/gladkostvolnoe_oruzhie/pompovoe/;/catalog/oruzhie_i_patrony/oruzhie/gladkostvolnoe_oruzhie/pompovoe/
/catalog/oruzhie_i_patrony/gladkostvolnoe_oruzhie/s_prodolno_skolzyashchim_zatvorom/;/catalog/oruzhie_i_patrony/oruzhie/gladkostvolnoe_oruzhie/s_prodolno_skolzyashchim_zatvorom/
/catalog/oruzhie_i_patrony/gladkostvolnoe_oruzhie/sporting/;/catalog/oruzhie_i_patrony/oruzhie/gladkostvolnoe_oruzhie/sporting/
/catalog/oruzhie_i_patrony/gladkostvolnoe_oruzhie/taktika_i_sport/;/catalog/oruzhie_i_patrony/oruzhie/gladkostvolnoe_oruzhie/taktika_i_sport/
/catalog/oruzhie_i_patrony/grazhdanskoe_oruzhie_samooborony/;/catalog/oruzhie_i_patrony/oruzhie/grazhdanskoe_oruzhie_samooborony/
/catalog/oruzhie_i_patrony/okholoshchennoe_oruzhie_i_mmg/;/catalog/oruzhie_i_patrony/oruzhie/okholoshchennoe_oruzhie_i_mmg/
/catalog/oruzhie_i_patrony/patrony_gladkostvolnye/;/catalog/oruzhie_i_patrony/patrony/patrony_gladkostvolnye/
/catalog/oruzhie_i_patrony/patrony_gladkostvolnye/patrony_dlya_sportivnoy_strelby/;/catalog/oruzhie_i_patrony/patrony/patrony_gladkostvolnye/patrony_dlya_sportivnoy_strelby/
/catalog/oruzhie_i_patrony/patrony_gladkostvolnye/patrony_drobovye_beskonteynernye/;/catalog/oruzhie_i_patrony/patrony/patrony_gladkostvolnye/patrony_drobovye_beskonteynernye/
/catalog/oruzhie_i_patrony/patrony_gladkostvolnye/patrony_drobovye_dispersant/;/catalog/oruzhie_i_patrony/patrony/patrony_gladkostvolnye/patrony_drobovye_dispersant/
/catalog/oruzhie_i_patrony/patrony_gladkostvolnye/patrony_drobovye_konteynernye/;/catalog/oruzhie_i_patrony/patrony/patrony_gladkostvolnye/patrony_drobovye_konteynernye/
/catalog/oruzhie_i_patrony/patrony_gladkostvolnye/patrony_kartechnye/;/catalog/oruzhie_i_patrony/patrony/patrony_gladkostvolnye/patrony_kartechnye/
/catalog/oruzhie_i_patrony/patrony_gladkostvolnye/patrony_pulevye/;/catalog/oruzhie_i_patrony/patrony/patrony_gladkostvolnye/patrony_pulevye/
/catalog/oruzhie_i_patrony/patrony_gladkostvolnye/patrony_travmaticheskogo_deystviya/;/catalog/oruzhie_i_patrony/patrony/patrony_gladkostvolnye/patrony_travmaticheskogo_deystviya/
/catalog/oruzhie_i_patrony/patrony_gladkostvolnye/patrony_signalnye_1/;/catalog/oruzhie_i_patrony/patrony/patrony_gladkostvolnye/patrony_signalnye/
/catalog/oruzhie_i_patrony/patrony_nareznye/;/catalog/oruzhie_i_patrony/patrony/patrony_nareznye/
/catalog/oruzhie_i_patrony/patrony_dlya_ooop/;/catalog/oruzhie_i_patrony/patrony/patrony_dlya_ooop/
/catalog/oruzhie_i_patrony/patrony_svetozvukovye_i_kholostye/;/catalog/oruzhie_i_patrony/patrony/patrony_svetozvukovye_i_kholostye/
/catalog/snaryazhenie_i_odezhda/fonari_i_ltsu/;/catalog/fonari_i_ltsu/
/catalog/snaryazhenie_i_odezhda/fonari_i_ltsu/fonari_edc/;/catalog/fonari_i_ltsu/fonari_edc/
/catalog/snaryazhenie_i_odezhda/fonari_i_ltsu/fonari_takticheskie_i_podstvolnye/;/catalog/fonari_i_ltsu/fonari_takticheskie_i_podstvolnye/
/catalog/snaryazhenie_i_odezhda/fonari_i_ltsu/fonari_nalobnye/;/catalog/fonari_i_ltsu/fonari_nalobnye/
/catalog/snaryazhenie_i_odezhda/fonari_i_ltsu/fonari_poiskovye/;/catalog/fonari_i_ltsu/fonari_poiskovye/
/catalog/snaryazhenie_i_odezhda/fonari_i_ltsu/fonari_pistoletnye/;/catalog/fonari_i_ltsu/fonari_pistoletnye/
/catalog/snaryazhenie_i_odezhda/fonari_i_ltsu/fonari_velosipednye/;/catalog/fonari_i_ltsu/fonari_velosipednye/
/catalog/snaryazhenie_i_odezhda/fonari_i_ltsu/ltsu_i_takticheskie_bloki/;/catalog/fonari_i_ltsu/ltsu_i_takticheskie_bloki/
/catalog/snaryazhenie_i_odezhda/fonari_i_ltsu/krepleniya_i_kronshteyny/;/catalog/fonari_i_ltsu/krepleniya_i_kronshteyny/
/catalog/snaryazhenie_i_odezhda/fonari_i_ltsu/vynosnye_knopki/;/catalog/fonari_i_ltsu/vynosnye_knopki/
/catalog/snaryazhenie_i_odezhda/fonari_i_ltsu/kryshki_i_rasseivateli/;/catalog/fonari_i_ltsu/kryshki_i_rasseivateli/
/catalog/snaryazhenie_i_odezhda/;/catalog/odezhda_i_obuv/
/catalog/snaryazhenie_i_odezhda/nozhi/;/catalog/nozhi/
/catalog/snaryazhenie_i_odezhda/nozhi/klinki/;/catalog/nozhi/klinki/
/catalog/snaryazhenie_i_odezhda/nozhi/machete_i_kukri/;/catalog/nozhi/machete_i_kukri/
/catalog/snaryazhenie_i_odezhda/nozhi/nabory_nozhey/;/catalog/nozhi/nabory_nozhey/
/catalog/snaryazhenie_i_odezhda/nozhi/nozhi_s_fiksirovannym_klinkom/;/catalog/nozhi/nozhi_s_fiksirovannym_klinkom/
/catalog/snaryazhenie_i_odezhda/nozhi/nozhi_skladnye/;/catalog/nozhi/nozhi_skladnye/
/catalog/snaryazhenie_i_odezhda/nozhi/pily/;/catalog/nozhi/pily/
/catalog/snaryazhenie_i_odezhda/nozhi/chekhly_i_nozhny/;/catalog/nozhi/chekhly_i_nozhny/
/catalog/snaryazhenie_i_odezhda/nozhi/boker/;/catalog/nozhi/boker/
/catalog/snaryazhenie_i_odezhda/nozhi/cold_steel_1/;/catalog/nozhi/cold_steel/
/catalog/snaryazhenie_i_odezhda/nozhi/morakniv_shvetsiya/;/catalog/nozhi/morakniv/
/catalog/snaryazhenie_i_odezhda/nozhi/opinel_frantsiya/;/catalog/nozhi/opinel/
/catalog/snaryazhenie_i_odezhda/prisposobleniya_dlya_zatochki/;/catalog/instrument_dlya_zatochki/
/catalog/snaryazhenie_i_odezhda/prisposobleniya_dlya_zatochki/abrazivnye_kamni_bruski/;/catalog/instrument_dlya_zatochki/abrazivnye_kamni_bruski/
/catalog/snaryazhenie_i_odezhda/prisposobleniya_dlya_zatochki/aksessuary_dlya_zatochki/;/catalog/instrument_dlya_zatochki/aksessuary_dlya_zatochki/
/catalog/snaryazhenie_i_odezhda/prisposobleniya_dlya_zatochki/karmannye_i_nastolnye_tochilki/;/catalog/instrument_dlya_zatochki/karmannye_i_nastolnye_tochilki/
/catalog/snaryazhenie_i_odezhda/prisposobleniya_dlya_zatochki/musaty/;/catalog/instrument_dlya_zatochki/musaty/
/catalog/snaryazhenie_i_odezhda/prisposobleniya_dlya_zatochki/stanki_i_nabory_dlya_zatochki/;/catalog/instrument_dlya_zatochki/stanki_i_nabory_dlya_zatochki/
/catalog/oruzhie_i_patrony/pnevmaticheskoe_oruzhie/;/catalog/pnevmatika/
/catalog/oruzhie_i_patrony/pnevmaticheskoe_oruzhie/pnevmaticheskie_vintovki/;/catalog/pnevmatika/vintovki/
/catalog/oruzhie_i_patrony/pnevmaticheskoe_oruzhie/straykbol/;/catalog/pnevmatika/straykbol_airsoft/
/catalog/oruzhie_i_patrony/pnevmaticheskoe_oruzhie/pnevmatika_zip/;/catalog/pnevmatika/aksessuary_tyuning_zip/
/catalog/oruzhie_i_patrony/pnevmaticheskoe_oruzhie/ballonchiki_so2/;/catalog/pnevmatika/ballonchiki_co2/
/catalog/oruzhie_i_patrony/pnevmaticheskoe_oruzhie/pulki_dlya_pnevmatiki/;/catalog/pnevmatika/puli_i_shariki/pulki_dlya_pnevmatiki/
/catalog/oruzhie_i_patrony/pnevmaticheskoe_oruzhie/shariki_dlya_pnevmatiki/;/catalog/pnevmatika/puli_i_shariki/shariki_dlya_pnevmatiki/
/catalog/oruzhie_i_patrony/pnevmaticheskoe_oruzhie/nasosy_vysokogo_davleniya_zapravochnye_stantsii_ballony_kompressory/;/catalog/pnevmatika/nasosy_vysokogo_davleniya/
/catalog/oruzhie_i_patrony/pnevmaticheskoe_oruzhie/pnevmatika_stoeger/;/catalog/pnevmatika/stoeger/
/catalog/oruzhie_i_patrony/pnevmaticheskoe_oruzhie/pistolety_stalker/;catalog/pnevmatika/stalker/
/catalog/oruzhie_i_patrony/pnevmaticheskoe_oruzhie/pnevmatika_ataman/;/catalog/pnevmatika/ataman/
/catalog/oruzhie_i_patrony/pnevmaticheskoe_oruzhie/pnevmatika_kontsern_kalashnikov/;/catalog/pnevmatika/kalashnikov/
/catalog/oruzhie_i_patrony/pnevmaticheskoe_oruzhie/pistolety_steyr/;/catalog/pnevmatika/steyr/
/catalog/oruzhie_i_patrony/pnevmaticheskoe_oruzhie/pnevmatika_walther/;/catalog/pnevmatika/walther/
/catalog/optika_i_krepleniya/kollimatornye_pritsely/kronshteyny_dlya_kollimatorov/;/catalog/optika_i_krepleniya/kronshteyny_dlya_optiki/kronshteyny_dlya_kollimatorov/